SEC,CPU,GPU
0,14.0,136.61328125
2024-07-23 17:55:38.012723
0,16.0,130.50390625
3,2.0,193.375
