SEC,CPU,GPU
0,14.0,129.859375
3,21.0,196.97265625
6,3.0,197.26171875
